<?xml version="1.0" encoding="UTF-8"?>
<!DOCTYPE struts-config PUBLIC "-//Apache Software Foundation//DTD Struts Configuration 1.0//EN" "http://jakarta.apache.org/struts/dtds/struts-config_1_0.dtd">

<struts-config>

    <form-beans>
        <form-bean name="SignedFileUploadActionForm" type="demo.SignedFileUploadActionForm"/>
    </form-beans>

    <action-mappings>
        <action name="SignedFileUploadActionForm" type="demo.SignedFileUploadAction"
            scope="request" path="/SignedFileUpload">
            <forward name="ShowSignedFileUploadResults" path="/ShowSignedFileUploadResults.jsp"
                redirect="true"/>
        </action>
    </action-mappings>

</struts-config>
